V2,V3,V4,V5,V6,V7,V8,V9,V10,Amount,Class
-0.072781173,2.536346738,1.378155224,-0.33832077,0.462387778,0.239598554,0.098697901,0.36378697,0.090794172,149.62,0
0.266150712,0.166480113,0.448154078,0.060017649,-0.082360809,-0.078802983,0.085101655,-0.255425128,-0.166974414,2.69,0
-1.340163075,1.773209343,0.379779593,-0.503198133,1.800499381,0.791460956,0.247675787,-1.514654323,0.207642865,378.66,0
-0.185226008,1.79299334,-0.863291275,-0.01030888,1.247203168,0.23760894,0.377435875,-1.387024063,-0.054951922,123.5,0
0.877736755,1.548717847,0.403033934,-0.407193377,0.095921462,0.592940745,-0.270532677,0.817739308,0.753074432,69.99,0
0.960523045,1.141109342,-0.16825208,0.420986881,-0.029727552,0.476200949,0.260314333,-0.568671376,-0.371407197,3.67,0
0.141003507,0.045370774,1.202612737,0.191880989,0.272708123,-0.005159003,0.08121294,0.464959995,-0.099254321,4.99,0
1.417963545,1.074380376,-0.492199018,0.948934095,0.428118463,1.120631358,-3.807864239,0.615374731,1.249376178,40.8,0
0.286157196,-0.113192213,-0.27152613,2.66959866,3.721818061,0.370145128,0.851084443,-0.392047587,-0.410430433,93.2,0
1.119593376,1.044366552,-0.222187277,0.499360806,-0.246761101,0.651583206,0.069538587,-0.736727316,-0.366845639,3.68,0
-1.176338825,0.913859833,-1.375666655,-1.971383165,-0.629152139,-1.423235601,0.048455888,-1.720408393,1.626659058,7.8,0
0.616109459,-0.874299703,-0.094018626,2.924584378,3.317027168,0.470454672,0.538247228,-0.558894612,0.309755394,9.99,0
-1.221636809,0.383930151,-1.234898688,-1.485419474,-0.753230165,-0.689404975,-0.227487228,-2.094010573,1.323729274,121.5,0
0.287722129,0.828612727,2.71252043,-0.178398016,0.33754373,-0.096716862,0.115981736,-0.221082566,0.460230444,27.5,0
-0.327770757,1.641750161,1.767472744,-0.136588446,0.807596468,-0.42291139,-1.907107476,0.755712908,1.151086988,58.8,0
0.345485415,2.057322913,-1.468643298,-1.15839368,-0.077849829,-0.608581418,0.003603484,-0.436166984,0.747730827,15.99,0
-0.040296215,1.267332089,1.28909147,-0.735997164,0.288069163,-0.586056786,0.189379714,0.782332892,-0.267975067,12.99,0
0.918966213,0.924590774,-0.727219054,0.915678718,-0.127867352,0.707641607,0.087962355,-0.665271354,-0.737979824,0.89,0
-5.450147834,1.186304631,1.7362388,3.049105878,-1.763405574,-1.559737699,0.160841747,1.23308974,0.345172827,46.8,0
-1.029345732,0.454794734,-1.43802588,-1.555434101,-0.720961147,-1.08066413,-0.053127118,-1.978681595,1.638076037,5,0
-1.361819103,1.02922104,0.834159299,-1.191208794,1.309108819,-0.878585911,0.445290128,-0.446195832,0.568520735,231.71,0
0.328461026,-0.171479054,2.109204068,1.129565571,1.696037686,0.107711607,0.521502164,-1.191311102,0.724396315,34.09,0
0.502120088,-0.067300314,2.261569239,0.428804195,0.089473517,0.24114658,0.138081705,-0.989162395,0.922174967,2.28,0
0.277665627,1.185470842,-0.09260255,-1.314393979,-0.150115998,-0.94636495,-1.617935051,1.544071402,-0.829880601,22.75,0
-0.044900505,-0.405570068,-1.013057337,2.9419677,2.955053397,-0.063063147,0.855546309,0.0499669,0.573742508,0.89,0
-0.121481799,1.32202063,0.410007514,0.295197546,-0.95953723,0.543985491,-0.104626728,0.475664018,0.149450615,26.43,0
0.353497877,0.283905065,1.133563318,-0.172577182,-0.916053707,0.369024845,-0.327260242,-0.246651028,-0.046139302,41.88,0
-0.174040833,0.434555031,0.576037652,-0.836758046,-0.831083411,-0.264904961,-0.220981943,-1.071424618,0.868558548,16,0
0.905437323,1.727452944,1.473471267,0.007442741,-0.200330677,0.740228319,-0.0292474,-0.593392019,-0.346188231,33,0
-0.175319187,1.266129643,1.186109955,-0.786001753,0.578435276,-0.767084276,0.401046149,0.699499676,-0.064737556,12.99,0
0.061042584,0.38052588,0.761564111,-0.35977071,-0.49408415,0.006494218,-0.13386238,0.438809737,-0.207358046,17.28,0
0.08554609,0.493702487,1.335759985,-0.300188551,-0.010753783,-0.118760015,0.188616696,0.205686849,0.082262259,4.45,0
0.873891581,1.347247329,0.145456677,0.414208858,0.100223094,0.711206083,0.176065957,-0.286716935,-0.484687683,6.14,0
0.873891581,1.347247329,0.145456677,0.414208858,0.100223094,0.711206083,0.176065957,-0.286716935,-0.484687683,6.14,0
0.865267808,1.351076288,0.147575474,0.433680212,0.086982938,0.693039311,0.179742261,-0.285641861,-0.482474471,1.77,0
0.865267808,1.351076288,0.147575474,0.433680212,0.086982938,0.693039311,0.179742261,-0.285641861,-0.482474471,1.77,0
0.473266903,1.695737554,0.262411488,-0.010866414,-0.610835935,0.793936546,-0.247252831,0.138879114,-0.401007068,30.49,0
1.765123739,0.611668541,1.176824984,-0.445979892,0.246826452,-0.257566156,1.092472497,-0.607524461,0.047155553,1.8,0
-0.122588787,0.546819473,0.706579541,0.134559557,1.156995112,-0.294561331,0.407429099,0.337862664,-0.408150493,20.53,0
0.168716771,0.51714396,1.32540692,-0.191573354,0.019503723,-0.031849108,0.11761992,0.017664721,0.044864791,6.54,0
-0.624727077,-0.710588904,-0.991600361,1.429973192,3.692977019,-1.090208641,0.967290815,0.850148519,-0.307081112,29.89,0
2.198526503,0.14424174,1.159432262,-0.815174288,0.182288271,-0.617108302,1.530816728,-0.586832286,0.129875751,2.35,0
1.031345078,1.740449737,1.23210555,0.41859226,0.119168119,0.850892666,-0.176267419,-0.243501348,0.14845549,14.8,0
0.170415774,2.746261269,-1.077964912,-0.305594036,0.011577039,-0.296178451,0.40277557,-0.040471746,-0.852045976,9.1,0
0.127767752,2.650056386,-1.875662771,-0.893356398,-0.268714889,-0.419863597,0.146233407,-0.86963529,-0.038651669,15.99,0
0.05695597,0.649418965,0.873062041,-0.468466331,-0.410194552,-0.013897554,-0.072439609,0.306787909,-0.269952637,21.34,0
0.445575314,1.249752116,-1.73573589,0.085755559,-0.121924299,0.407715857,0.095309378,0.815902287,-1.491188012,18.95,0
0.497483215,1.373912574,0.571405318,-0.63065775,-0.539659124,-0.076270291,-0.91710575,0.270008406,-0.480280682,9.99,0
-0.794209465,0.778224191,-0.864708434,-1.06413228,0.351296174,-1.191454583,0.052685634,-0.304404039,0.576516809,30.9,0
1.418190626,1.086672863,1.2414396,0.002306126,0.045901581,0.514120897,0.241252403,-0.154499951,0.280672622,20.22,0
0.129953155,0.863584971,1.002634769,-0.783761015,-0.884679006,-0.040743276,-0.208068512,0.392477872,-0.2481779,0.99,0
-0.985977681,-0.038038829,3.710061359,-6.631950832,5.122102581,4.371691256,-2.006867506,-0.278736461,-0.230872923,1402.95,0
1.15831387,1.406799536,0.860188897,-0.103809889,0.12203478,0.264451377,-0.108766589,-0.181976611,0.659592649,7.99,0
-0.116085346,1.397911915,1.4975469,-1.049123999,0.072838535,-0.72380208,0.287532473,0.996326812,-0.149144653,2.09,0
0.341483451,0.081505199,0.56674607,-0.110458773,-0.766324793,0.073154903,-0.168304138,0.07183711,-0.281043994,0.99,0
0.872687435,0.965524582,1.802127161,0.139021981,0.1108631,0.559079186,-0.029070932,-0.394912254,0.03267448,21.76,0
0.215728298,0.844264629,-0.753067316,0.03484847,-0.558597248,1.090400958,-0.203873232,0.262393622,-1.35471022,120.96,0
0.267540227,-0.168469574,-0.701232148,3.281971526,3.216389615,-0.059394352,0.895430428,-0.017778824,-0.165753218,13.84,0
0.081941901,0.406063037,1.290740383,-0.169813148,0.120955383,-0.080845205,0.174373085,0.152070726,0.065266723,13.84,0
0.265462317,0.384870524,0.57500704,-0.217475465,-0.391519648,-0.081488957,0.06278949,-0.260583324,-0.161677217,2.67,0
-0.202964587,-0.492768147,0.407691275,0.305660256,-0.230529179,0.585028086,-0.208224591,-0.247503448,-0.192253128,169.05,0
-1.192952827,1.407130836,-0.330070103,-2.06950346,-0.242175406,-1.306635114,0.104510403,0.134628232,0.493931277,96.94,0
0.575067968,0.19400846,2.598191745,-0.092210023,-1.044429584,0.531587593,-0.241888127,-0.896287174,0.757952331,34.13,0
0.399227373,0.068009334,-1.060618826,2.410399171,3.736573916,0.31644608,0.672296306,0.015140168,-0.269501562,32.51,0
1.009923002,0.276469595,1.475289459,-0.707012563,0.355242552,1.559848787,-0.399578612,-0.479812994,0.516352275,243.66,0
0.136254782,1.88366471,-0.208996096,1.05144062,1.905241336,0.24142325,0.647630723,-0.05346625,-0.504170551,21.55,0
0.514968589,1.821675627,0.616433633,0.848775615,-0.111938137,1.505617082,-0.798167298,0.244756559,0.264554167,59.9,0
0.24841362,2.956914245,2.813749991,0.145538802,-0.027352972,0.133701634,-0.307534957,-0.125243761,1.0349396,0.75,0
-0.323683972,0.387584831,0.544473989,0.246787395,1.650357805,-0.427576017,0.615370698,0.226278275,-0.225495241,45.71,0
-0.870482324,2.320169629,1.988775801,0.417090785,-0.380013723,0.47213927,-0.557333241,-0.64907905,1.410888883,35,0
-0.071105357,0.34761371,1.329684046,-0.193239541,0.155418221,0.00857355,0.146537701,0.103844303,0.031830025,67.97,0
0.732925473,-0.120154211,0.185755072,2.594269492,3.797182651,0.059087961,0.976768278,-0.412660865,0.006753688,11.45,0
0.236827618,0.509605002,0.65765866,-0.365487847,-0.745101067,0.079497448,-0.130535519,-0.052263119,-0.110057898,3.63,0
0.482683933,1.33312308,-0.253080023,-0.02846894,-0.5191657,0.503249461,0.117773483,0.117112238,-0.420487539,21.66,0
1.854603991,0.979513977,1.112261526,-0.206402962,-0.199545668,0.616642404,0.064180353,0.690271532,1.551723817,26.72,0
0.202423564,0.525455972,1.323436272,-0.130486421,0.039924307,0.028379416,0.072841071,-0.097869352,0.019512995,13.18,0
0.418949154,1.729833252,0.203065374,-0.187012388,0.253877552,0.500893778,0.251255795,-0.227984855,-0.57616942,59.99,0
-0.067083754,0.077461028,0.953638217,0.067412463,0.016152465,0.320451557,0.038534028,-0.391512665,0.031560245,135.51,0
1.071600449,1.28011025,0.542780003,0.574438987,-0.259359266,1.061148415,-0.410971968,-0.179130181,1.003500658,9.79,0
0.594502594,0.216415944,-0.867310639,2.966908301,3.632494874,0.563295075,0.673025597,-0.188766144,-0.404378292,14.8,0
0.254239576,0.514788628,0.620924297,-0.475930099,-0.992285839,0.06641651,-0.209275058,0.035571565,-0.067615821,1.98,0
0.059034645,0.263632341,1.211023458,-0.044095579,0.301066501,-0.132959856,0.227885136,0.252191237,0.083903938,6.67,0
2.600138202,1.483690737,-2.418472955,0.306326407,-0.824574532,2.065425639,-1.829346589,4.009258517,6.051521351,1.46,0
-1.474100471,1.840325987,-4.515824355,0.327567428,-0.174469283,0.959725705,-1.026456228,1.700434584,-0.078941761,89.17,0
0.321711387,0.281210894,0.643688582,-0.148668596,-0.589738667,0.04841255,-0.09336125,-0.042934036,-0.343245662,7.53,0
-4.429183775,3.402585004,0.90391468,3.002223774,-0.491077708,-2.705393163,0.666451302,1.922216172,-0.614312027,200.01,0
0.853112494,0.818253542,-0.236070161,0.803462539,-1.438728332,0.799479365,-0.007989,-0.761089559,-1.044464034,0.76,0
1.04345933,1.267368892,1.13552949,0.021362103,0.336914104,0.398479743,0.317399166,-0.028657945,0.534033192,20.22,0
-0.051988742,-0.497882442,-3.151907857,2.558400362,2.79667097,0.470283271,0.265332803,0.91951346,-0.735585688,10.84,0
-4.14600725,-0.932037567,0.027093684,-1.698307322,0.460187805,0.737344474,-0.314215582,-0.842672538,0.017275794,1142.02,0
-0.162446861,-0.094331367,0.474083926,-0.021485961,-0.397506307,0.482642979,-0.117495975,-0.577836031,-0.018607137,149.9,0
0.043785925,0.309867291,1.316693993,-0.462393624,-0.857887604,0.207903691,-0.191269942,0.056397899,0.041567455,89.4,0
0.216441,0.53837815,1.476397993,-0.25194192,-0.340679707,0.154091745,-0.086502546,0.144420201,-0.157374628,26.72,0
0.996013128,2.192470136,-0.170445303,-0.302319739,-0.142255768,0.223431774,0.28904341,0.094140891,-0.157858733,5.99,0
-0.099054296,-1.192094095,0.286323562,2.160516252,3.61631351,-0.404206898,0.842330952,0.169360421,-0.030522177,34.7,0
0.406790567,2.037460639,-0.291297974,0.147909809,-0.350857292,0.945373213,-0.172560017,0.025133398,-0.778134724,54.99,0
0.370711305,0.88861337,2.343244103,0.352490841,1.365514606,-0.27777073,0.51605318,-0.700929045,0.468216239,7.55,0
0.160225077,1.592255555,1.296832284,0.997174924,-0.343000302,0.469936931,-0.132470082,-0.197794077,-0.105005538,19.85,0
0.8372414,2.628210618,3.145414379,-0.609098389,0.258495001,-0.012188613,0.102136035,-0.286163597,1.198556325,28.28,0
0.189453734,0.491040321,0.633672661,-0.511574424,-0.990608799,0.066240478,-0.196940299,0.075920961,-0.066059896,15.99,0
0.037215117,0.556799036,0.519506544,-0.479753872,-0.352713751,-0.222486536,0.158242439,0.011251723,0.105583809,2.69,0
0.483572416,1.901071779,-0.00187625,0.024244785,-1.171903182,0.666483361,-0.094602901,-0.136665622,-0.842507533,22.36,0
2.142721516,-1.542142972,1.561331906,0.938108025,-2.145672699,1.405568569,-0.778458743,0.328636441,0.127497138,0.78,0
0.306693601,1.47300415,1.191127247,0.021264671,0.888442494,1.190491174,0.042146736,-0.446425607,-0.080386117,168.56,0
2.352984306,-0.00995516,-0.363735716,1.460952506,-0.204832891,0.905818665,-3.384123255,0.388546432,0.791069474,0.76,0
1.029180718,-0.697723602,-1.268226466,2.802221028,3.322901364,0.197036005,-0.521296961,0.859596359,1.593949266,9.47,0
-0.06030377,2.220828203,0.024741782,-0.584963997,0.460622988,-0.322526141,0.434776396,1.252403913,-1.012093549,21.8,0
-0.579961843,0.422605532,-0.897751526,-0.74625421,-0.056273231,-0.750316963,0.128483934,-0.964681778,0.736391419,14.48,0
1.24817825,-1.581317148,1.475024194,1.138357059,-1.020373404,0.638387286,-0.136762248,-0.805504896,-1.4440364,1,0
0.293284417,0.08647196,1.178277364,0.373343851,0.325596008,0.119318979,-0.025476251,0.173211363,-0.15418618,1,0
-0.358098896,1.376721528,1.900768814,-1.057689863,0.301885174,-0.462266226,0.250424399,1.253958036,-0.43637143,70.6,0
0.085837072,0.120702062,1.126664554,0.21471057,0.537381047,-0.04998899,0.186175355,0.111781471,0.046609338,19.77,0
0.127486127,0.184455888,1.109949791,0.4416989,0.945282527,-0.036714604,0.350995,0.11894954,-0.24328924,1.18,0
0.127486127,0.184455888,1.109949791,0.4416989,0.945282527,-0.036714604,0.350995,0.11894954,-0.24328924,1.18,0
0.127486127,0.184455888,1.109949791,0.4416989,0.945282527,-0.036714604,0.350995,0.11894954,-0.24328924,1.18,0
0.127486127,0.184455888,1.109949791,0.4416989,0.945282527,-0.036714604,0.350995,0.11894954,-0.24328924,1.18,0
0.267631399,3.56277034,3.481485834,-1.160100534,1.764780635,-0.558817274,0.442018635,0.348430743,0.393253076,81.13,0
0.522289106,1.787699074,0.202672107,-1.140802866,-0.137830806,-0.336555477,0.670704378,0.071670264,-0.518978194,50,0
0.228365302,1.715339938,-0.420066767,0.560837845,0.564725048,0.84604655,0.197490821,-0.09720188,-0.439346826,86.43,0
1.485336811,0.156418075,0.92437833,0.131745604,0.996965256,-0.167117113,1.262616793,-0.584844218,-0.553365712,11.83,0
-0.21880844,1.101004831,-1.406997128,1.261783204,-0.337709069,1.191747221,-0.427383108,0.276678887,-0.2153992,49.95,0
0.745708409,1.761811025,-0.165130479,0.058297688,-0.213413376,0.64732325,0.073464184,-0.291863986,0.064799525,9.12,0
0.014881395,1.052488736,-1.644573827,-0.538265319,-0.835528209,0.517233526,-1.105962373,-1.311740617,0.577468383,104.94,0
1.515688499,1.514354894,2.518364615,0.58364774,0.425560586,0.598690176,0.056753589,-1.475620543,0.829234155,4.68,0
0.221924153,0.579949898,-1.413194092,0.804876249,-0.353324324,0.869655641,-0.031477112,0.317739047,-0.118295038,62.92,0
0.235248304,2.354921509,-2.219936017,-0.246820702,-0.833337142,0.934430977,-0.670155666,1.093187038,-0.533667949,18.31,0
0.59714527,0.0366561,-1.406989094,0.29969203,-0.341102672,0.624572482,0.369831926,0.344458123,-0.045989182,80,0
0.409898543,1.289156438,-0.325043259,0.545669467,-0.349810664,0.648240482,0.036062882,0.078701416,-0.829167268,32.51,0
0.929514494,-0.423720855,-1.39295162,0.082246782,-0.515781701,0.104713792,0.825310566,0.38545311,0.064000225,39.95,0
0.215351844,0.374072564,1.150000653,-0.329767569,-0.898687822,0.309906644,-0.255277291,-0.110655139,-0.057578832,68.74,0
1.348370368,-0.998492354,-1.402361754,-0.596711513,-0.385302392,0.050620962,1.2108885,0.390259945,0.100784631,79,0
0.913669852,1.146088038,0.656290499,0.677272305,-0.326210554,0.888811418,-0.34184774,-0.52384947,0.690440323,5.9,0
0.910873769,1.724862787,-1.748371149,0.578942617,-0.832531161,1.901440328,-1.913986322,2.112375125,3.014354777,7.69,0
0.778787123,2.619236664,2.612864129,-0.51693761,0.558346006,0.316871358,0.206647109,-0.738599157,0.214340363,79.91,0
0.955626146,0.052542631,1.27665559,-3.323084064,3.229910789,1.029631148,1.515606764,-0.059626603,-1.461402639,552.18,0
-0.669639047,0.803807372,-0.651693123,-1.395665978,-0.800698087,-0.601604892,0.014390356,2.019905427,-1.067542331,67.3,0
-0.84066372,2.61046459,-2.196338416,-0.396962095,-0.707363177,-0.057933703,-0.548675598,-1.870127335,1.030916229,21.97,0
1.003406701,0.906183669,-0.423863928,0.760670628,0.377627419,0.587373158,0.13388448,-0.20787079,-0.240405331,4.99,0
-0.735011946,1.502449134,-0.54410468,-1.909350482,-0.712497651,-1.292819512,-0.002714636,-0.24602754,0.572523068,11.99,0
1.649489166,-1.591241672,-1.374316771,-1.180135992,-0.331039534,-0.117991556,1.592032179,0.415995685,0.159163277,124.67,0
1.897021804,-3.458033555,-1.277542766,-5.517757922,2.098366221,3.329603449,1.250966334,0.27150055,-0.305482722,919.6,0
-0.824683124,1.346422851,-0.525627996,-1.833007214,-0.47771471,-1.224212873,0.014773906,-0.257812863,0.602162143,30.9,0
-1.615316758,1.054982089,1.661509927,-1.737687233,0.065894256,-0.313976971,0.08908106,1.069842072,-0.348638228,459.39,0
0.933069872,-0.268072621,0.125244627,2.396991769,3.8779452,0.189985383,0.960388588,-0.230000129,0.295110184,37.13,0
0.211469552,0.143000512,0.370050109,0.154747757,-0.032254807,-0.003029636,-0.038886902,0.030714509,-0.121891338,1.98,0
1.235335536,-0.307804337,-1.821823806,2.76248235,3.641498633,-0.344614256,-1.547541277,-0.138239381,-0.467174475,15.89,0
4.847323197,-1.290368385,-1.427842353,-0.621533346,-0.604690515,0.437865925,0.336383684,3.5583733,6.427801966,8.95,0
-0.957413454,0.761504743,1.590050449,-1.177297903,0.011231909,-0.166991305,0.152720248,0.742860452,-0.151018328,268.78,0
0.509262765,1.952000704,0.779065948,-0.37894013,0.251136558,-0.072412057,0.228754859,0.210899589,-0.373814134,2.99,0
0.127391777,1.267277185,0.678584065,-1.029850621,-0.487613778,1.836070565,-0.298566311,-0.922127302,-0.64565555,322.44,0
-0.479831346,1.613630324,2.997979002,-3.803787721,5.051811663,3.315254322,-0.303785108,0.671395147,0.744103699,937.69,0
-0.646955978,0.729166619,-0.569262362,-1.174306674,-0.527624805,-0.471676707,0.05174363,1.904018192,-1.176608977,69,0
1.118614619,1.293385823,0.064762303,0.023480693,-0.992740835,0.695814204,-0.064808618,-0.373640008,-0.506204373,2.28,0
-0.105593976,-0.246480374,-1.185714675,-0.119566417,-0.613399043,0.007358513,-0.136794233,0.84782674,-0.784714586,7.21,0
0.258857846,0.635796446,0.64125736,-0.395081078,-0.694666651,0.034086452,-0.124346327,-0.078400251,-0.128968446,1.29,0
0.058009054,-1.312427634,-0.048968822,2.244373049,3.29621142,-0.342624648,0.760869775,-0.154915304,0.068384951,17.8,0
1.004198501,1.61622395,-0.099628002,-0.122476851,-0.671326722,0.656183051,0.009755091,-0.635963292,-0.047364094,14.98,0
-1.272542866,0.673656443,-0.747435801,-1.299107061,0.29365621,-1.05419978,0.234899955,-0.574990848,0.680725594,159,0
-0.150764823,2.291790721,-0.263452268,-0.814535284,0.955840628,0.097630673,0.474046969,0.1395123,-0.729861202,142.71,0
-0.256543414,0.426971283,0.918113222,-0.746088908,-0.721434577,-0.001651712,-0.087443298,0.642918526,-0.193126804,84.39,0
0.274578968,-0.129487732,-2.682798988,-0.731374623,-0.226354213,-0.006949342,-2.77898321,-0.23323193,-0.588714056,182.95,0
0.563492506,3.350717448,-0.436893036,-1.123467357,0.256345114,-0.253389869,-0.795814176,1.421953536,-0.681589992,23.27,0
1.074154764,1.759398089,-0.601445607,0.101693491,-0.188519563,0.455755575,-3.46068234,0.44152478,0.91781802,9.99,0
0.438877833,0.316139712,1.107633862,-0.178446391,-0.941091407,0.286290791,-0.290078759,-0.169187685,-0.014419763,4.19,0
-12.11421274,-5.694973183,3.294389456,-1.413792092,4.776000425,4.808425817,-0.228197008,-0.525895941,-1.724899028,3828.04,0
-0.29522731,1.308259453,1.257753312,-0.967532357,0.46024474,-0.781849888,0.424415295,0.790908383,-0.054855242,35.97,0
0.408263222,0.552145163,1.255067744,-0.196661847,-0.565605334,0.133973044,-0.146201793,-0.214154854,-0.011309922,1,0
0.991271929,1.41449133,0.855243644,0.334283709,-0.728260272,1.058822947,-0.46984007,-0.534718402,0.083451465,24.57,0
0.661341182,-0.47747646,1.102541559,0.543328124,-0.246784793,0.165233833,0.027017867,-0.423143759,-0.57406514,1,0
0.548007876,1.987429001,2.347620274,0.036887742,1.50952321,0.692961314,0.508962009,-1.254296754,0.174445162,148.43,0
-0.124884657,0.118939145,0.02373499,-0.54908691,-0.949920329,0.070850447,-0.125881143,0.136791407,-0.071309048,25.8,0
-0.903556664,1.477104935,-2.582626351,0.635981275,-0.866537099,1.138067003,-0.924605091,-0.221503704,0.096649255,110.4,0
0.111272819,0.699125647,-1.536074033,1.193207731,0.648895579,0.796705658,0.016903734,0.78966393,-1.246227697,13.95,0
1.02256699,1.996560362,1.180140793,0.232463912,-0.123952548,0.684370854,-0.008256437,-0.572410303,-0.40486721,9.99,0
-3.345061058,0.566005642,3.960567796,-2.495400025,3.691364645,1.603359858,-0.071801219,1.092418204,1.145818744,937.69,0
0.103965143,0.934478734,1.152703515,-0.693597247,-0.584580296,-0.148439159,-0.1120309,0.196749802,-0.094714897,54.99,0
0.543491091,0.504579173,2.517929914,-0.123554818,-0.611119916,0.273075896,-0.173271031,-0.809549379,0.692369323,31.17,0
-0.072582233,0.635285626,0.768616206,-0.735584338,-0.673465653,-0.146299157,-0.065652615,0.646047714,-0.211574202,23.88,0
1.069098947,0.930510616,-0.129010287,0.387819105,-0.513674806,0.664176393,0.00899872,-0.260847491,-0.496499552,4.49,0
-0.920683415,1.818758315,-2.450936159,-1.247559721,0.147436004,0.218628573,-0.407289576,-2.023879319,1.410939705,137,0
-0.220451375,2.371309722,4.075817303,-0.844073265,2.546394311,-1.435114382,0.942047784,0.330467789,0.83188054,37.89,0
-0.540014019,2.518624344,-2.270148851,-0.15736243,0.168700264,0.538239087,-0.37931912,-0.166360693,-0.226265168,82.29,0
0.350287347,0.302487785,0.693114454,-0.371469881,-1.070255865,0.086781009,-0.202835551,0.035154059,-0.282617329,2.69,0
-0.648101141,-0.331663901,-1.207382602,-0.012785943,0.704439954,-0.732125588,0.183138872,-0.878334384,0.767906431,20,0
0.684978078,2.013745177,0.126390269,-0.493158041,-0.320478036,0.373577105,-0.080500675,0.900231125,0.194338065,29.99,0
0.66630036,1.08099302,-0.447630349,1.039489596,0.18401665,0.882796991,-0.142339931,-0.608661014,0.038170129,40,0
-0.501798126,-1.333558486,0.38880429,2.036091383,3.661714319,-0.236794991,0.809585634,0.15450052,-0.089282955,160.86,0
0.975396462,1.689026908,-0.170483422,-0.152019578,-0.698487474,0.726557303,-0.067588235,-0.126744585,0.412886832,8.93,0
0.541842002,0.839421415,2.570932706,-0.279517367,-0.423062111,0.08801919,0.011621791,-0.715756445,0.651378619,6.24,0
-1.366798712,2.217310673,0.404714451,-0.114375224,-0.075942269,-0.259942733,0.320897252,-0.175355041,-0.478714108,230,0
1.183098325,2.974779375,2.801477073,-0.475110201,3.217829256,-0.401608122,0.384394771,2.408675091,3.351079324,43.71,0
-0.527163873,0.823846175,1.23522373,-0.642369964,0.528598207,-0.397823041,0.156763671,0.705793043,-0.270381429,165.55,0
0.073475018,1.739546615,0.758588063,0.22954257,2.422069218,0.196687939,0.861076214,0.099101544,-0.73040486,113,0
-0.221355461,-1.236995618,-1.246835117,1.907808836,3.103911314,-0.603383826,0.762840713,0.118338734,-0.129794116,1.54,0
0.907665152,1.59794893,1.298977801,0.5879934,0.032375917,0.75425241,-0.306613655,-0.269296807,0.138561008,10,0
-0.182609248,0.155058296,-0.928892144,-0.74622657,-1.23560826,-0.061694679,-0.125223462,0.984937844,-0.746624518,8.8,0
0.658496594,1.949966622,1.249694748,0.42641029,0.231512687,0.585115384,0.029162991,-0.520297446,0.055911475,5.97,0
-0.694899979,0.970826107,-0.426559487,-1.41726333,-0.505710366,-0.932068859,-0.083956783,-0.224207861,0.446748128,15.93,0
1.261943319,1.207202744,1.307574927,0.153211416,0.062291102,0.50864716,0.079446853,-0.39521086,-0.006152177,10,0
1.054418297,1.206361271,-0.28923239,0.610283924,0.081529341,0.687720988,0.065340718,-0.501623229,-0.387104736,3.87,0
1.687508027,0.734670438,1.293349597,-0.217531663,-0.002677468,0.147364181,0.515361979,-0.372441613,0.078020678,10,0
-0.011679155,-0.530212955,0.236330632,1.611749862,4.091915383,-0.862138243,1.083973069,0.786795681,0.112887484,35.97,0
-0.119018463,1.139150275,1.844961212,-0.817909156,0.247770075,-0.684181037,0.283095821,0.286762553,0.440946202,22.37,0
0.241318029,0.258744961,0.65333494,-0.256425759,-0.620309257,-0.03965283,-0.022138661,0.145190566,-0.30544298,4.57,0
0.907744834,0.941841931,0.993747888,0.844723948,0.360279963,0.761736832,-0.222477053,0.179747696,0.408008155,23.57,0
1.195094545,0.694741497,-0.626095126,1.171084019,0.373751079,1.013094844,-0.272388392,0.055869739,0.682043641,13.99,0
-1.131593257,0.878730366,0.297870796,-1.327250161,0.066595638,-0.535275981,0.171132621,1.18460204,-0.51045289,226.07,0
0.054619774,0.89218939,1.238546301,1.153949202,-0.443156858,1.158792971,-0.234932879,-0.748284316,0.19999764,148.81,0
-0.657729594,1.701883533,1.809667283,-1.360162109,0.953857646,-1.134803282,0.52856971,1.914403557,-0.413425803,58,0
0.167881283,0.509908525,0.452332378,-0.215763033,-0.192103789,-0.10540372,0.068516849,-0.249733437,0.053142732,1.29,0
-5.931717441,-0.227301246,-2.737271346,7.672543966,-0.996354542,-3.391184496,1.236266814,1.129461935,-1.461860881,65,0
-1.932775704,2.923241828,0.143573531,0.948116817,-1.076456006,0.81122633,-1.170683067,1.363753299,0.675724118,11,0
-1.134232023,0.782844002,-0.592996395,-1.421802565,-0.487530734,-0.272320585,-0.029104222,1.35306576,-1.067065607,257.3,0
-1.289492351,0.666740851,-0.741321189,-1.290523451,0.302172443,-1.026907052,0.220562032,-0.607464702,0.669997285,169,0
0.33426698,0.395177877,1.190753197,-0.092157628,-0.388137645,0.104290922,-0.098731553,-0.115804498,-2.69E-05,9.9,0
0.007849756,0.950798395,1.137646478,-0.495189279,0.301371118,-0.518350359,0.095425922,0.817591713,-0.226339478,9.99,0
0.085827584,-1.179482142,0.06435705,2.195225445,3.383362873,-0.448436907,0.799347197,-0.147006077,0.125537073,4.9,0
2.107826158,0.213151876,1.282216568,-0.732558394,0.023589151,-0.073255811,0.924142655,-0.356987542,0.141018335,39.95,0
0.680608052,1.402550125,-0.529928018,0.869578142,1.903301426,0.03324032,-0.237815275,0.844581681,-0.989004577,15.36,0
0.222573144,0.481927939,1.131375375,-0.214947189,-0.201283177,-0.056555909,0.087470781,-0.250570246,0.195466422,9.9,0
1.947885385,0.553646043,0.983068886,-0.281518066,2.408957552,-1.40161343,-0.188299113,0.675877503,0.158497491,6,0
1.947885385,0.553646043,0.983068886,-0.281518066,2.408957552,-1.40161343,-0.188299113,0.675877503,0.158497491,6,0
1.949345704,0.552997661,0.982710096,-0.284815275,2.411199592,-1.398537135,-0.188921645,0.675695454,0.158122714,6.74,0
1.949345704,0.552997661,0.982710096,-0.284815275,2.411199592,-1.398537135,-0.188921645,0.675695454,0.158122714,6.74,0
-0.652999555,0.298165153,0.209546164,-0.197230544,0.971099946,-0.449460773,0.281896488,0.262492646,-0.06059498,170.43,0
4.390230199,-2.360483061,0.360829162,1.310192211,-1.645253431,2.327776083,-1.727825155,4.324751813,6.286487349,0.89,0
1.051965788,1.390802023,0.093131865,-0.007699357,-0.717558971,0.588094752,0.085932097,-0.310721777,-0.533284651,0.89,0
-2.557694205,-1.134054856,-0.43577047,0.728493415,4.090475997,-0.429328774,0.896879024,1.004244284,-0.673619599,614.87,0
0.740564583,1.8003815,0.140825684,0.050646442,-0.257415304,0.920469708,-0.422028002,0.590522449,0.300759584,22.99,0
-0.233362598,2.580863531,-0.990572327,-0.397920255,0.281755037,0.238618916,0.249101589,0.651330368,-0.881774861,71.26,0
-0.608426894,0.069096521,-0.493509205,-0.944774744,-1.390857139,0.04765887,-0.467883895,-1.248877374,0.570877508,127.69,0
0.413148285,-0.018953104,0.487834384,0.132330692,-0.574306547,0.146563267,-0.215922858,-0.080276175,-0.314456603,1.98,0
0.878083882,1.523176388,-0.242853437,0.323931242,0.371851983,0.446595387,0.37007704,-0.631359033,-0.229069503,6.45,0
0.311213252,0.313605078,0.51923042,-0.058032111,-0.258768685,-0.043842811,0.039598889,-0.344226883,-0.179727145,1.29,0
-0.493905247,1.269484559,3.011494106,-0.801215875,0.929403838,-0.42887915,0.284565326,0.406555465,0.248953649,184.31,0
-2.894449732,1.637988839,-0.274975575,-0.389202933,-0.703274524,0.444194183,0.154266424,0.695817584,-0.56849224,500,0
-1.138678066,1.276265636,-0.207920238,-1.642087864,0.696572809,-1.502954908,0.297739613,0.872380952,0.251926472,10,0
0.922454526,-0.13595182,-1.259914839,2.439824406,3.330205324,0.087107088,0.949659242,-0.327931944,0.06170852,1.79,0
-0.611632858,2.081419302,-1.048128453,-1.083455772,0.254356945,-0.782936554,0.264001941,0.404509215,-0.232303545,10,0
0.474973976,0.011760718,1.264302505,0.116234125,-0.865985953,0.554392815,-0.276374984,-0.471301563,0.029103817,20,0
-1.053346034,0.762805729,1.335129061,-2.58552304,1.942252364,1.646686865,0.641265549,-0.649862121,-0.894433571,700,0
-0.53435531,1.865190286,1.145121805,-1.488132902,0.589640991,-1.119900414,0.38278113,1.419159657,-0.343118809,22,0
0.246405411,0.309165988,0.584744387,-0.381581347,-0.764967735,-0.067782842,-0.012991283,-0.110617107,-0.091447916,2.28,0
1.020835125,2.019730198,3.00326068,0.031307656,0.187063045,0.850856483,-0.143932449,-0.918042964,0.886323094,65.26,0
0.55103296,0.451890424,0.114963844,0.822946501,0.251480314,0.296318524,0.139496907,-0.123050186,-0.142616897,0.99,0
0.658048335,-0.793312359,0.429647454,0.417966106,-0.927679463,0.18092344,-0.236763419,0.020142966,-1.121742786,1,0
1.248569678,1.023826113,0.618081105,0.191093732,-0.208733095,0.964715393,-0.139165792,-0.625848231,0.427322433,44.2,0
1.955889812,1.118275164,2.318431902,1.582537232,0.389936614,-1.287306168,-1.323918833,-1.050321354,2.032812005,5.42,0
-0.778783352,1.162452685,-0.180424614,-1.532631199,-0.101808286,-1.185737809,0.076521519,-0.26508034,0.679447708,42.9,0
-5.081215162,-0.11690781,-1.312829273,2.688762246,2.755894978,-1.999094634,1.726412535,-0.413594233,-0.76934304,355.51,0
1.006931845,1.108303668,-0.428693695,0.590512808,0.105473838,0.602926227,0.132309557,-0.636397654,-0.152232191,0.89,0
0.247979463,3.772856852,3.311385046,-1.305427246,1.668378567,-0.671931223,0.453987296,0.555107073,0.785059045,71.69,0
1.793577778,0.545758239,-0.399309007,0.673576897,0.745918946,-0.358474609,-4.044724433,0.232361774,-0.081319856,2.29,0
0.168285518,-0.275340024,0.220631301,0.459215303,0.468623822,-0.172793943,0.209104024,-0.028623169,-0.13427202,1.29,0
0.89075179,1.720542847,-0.238246455,0.273262887,-0.970190619,1.249910376,-0.483676086,-0.871156532,-0.3456891,27.99,0
1.017986502,1.50585133,0.920904617,0.75876509,0.392474821,1.357625329,-0.666453043,1.071130264,1.702692099,23.63,0
-0.762808543,0.111245009,-0.535421073,-1.134396007,-0.937699156,-0.477580647,-0.041693601,-0.685741138,0.801350785,48,0
0.15449565,1.263163339,0.964978491,-0.027169655,2.28520178,1.891702521,-0.14147756,-0.110654766,-0.147586632,318.5,0
-0.103769567,0.904686444,0.488210755,-0.678523515,0.039860729,-0.581293921,0.270996198,0.256539561,0.068091693,6.47,0
-0.528042418,0.050365515,1.373621469,-0.124121987,0.415687584,0.259554812,0.085113703,-0.003025425,-0.062290576,224.97,0
1.264136546,1.410326046,1.695174981,0.391727694,0.192575714,1.118220863,-0.050613499,-1.716966958,0.457353408,75.83,0
0.365737836,0.428155251,0.617732707,-0.342609669,-0.845869259,0.041919491,-0.114616737,-0.360599588,-0.137369319,1.98,0
0.743648518,1.534072207,1.062170094,0.20818678,-0.838622933,0.524151228,-0.294660552,-0.478855844,-0.006096561,1.98,0
1.089311472,0.703988825,-0.265987044,0.692897788,-0.179352318,0.684650767,0.020709883,-0.28605017,-0.508542205,4.65,0
0.8762634,1.093992968,1.556150516,-0.07231813,-0.671902296,0.569707156,-0.143791231,-0.609469493,0.122388483,23.32,0
0.319977589,0.589693418,1.044773982,-0.376941822,-0.67733453,0.054472152,-0.087670194,-0.304109943,0.147234469,8.09,0
-0.215325117,1.991294276,-1.631493385,-0.635965147,0.228413858,-0.034265697,0.042695827,-0.235439929,0.164740343,82.29,0
0.162262106,0.541428519,-1.931798725,0.235401734,-0.209262872,0.770523385,-0.407194916,-1.374754194,0.311187601,99.95,0
1.026985684,0.83489051,1.208912537,0.107553957,0.465977242,-0.330959329,-1.6198728,-0.436603913,0.060715025,20,0
-0.571718052,1.048092695,1.167676674,-0.702291917,1.000002588,-0.692965324,0.483593496,0.577314402,-0.097276929,127.75,0
0.676860674,2.151949976,1.014522992,-0.620011802,0.076154492,0.041578422,0.34267167,0.124722817,-0.048091693,20.7,0
1.183753559,0.530794296,0.543891399,0.798441455,-0.804472168,1.563169978,-0.935793598,0.633634189,2.30362744,1.79,0
0.84157679,2.078000014,1.373071345,0.666526104,0.779011906,0.609457558,0.4023688,-1.088370984,-0.096632144,37.2,0
1.016398669,0.735810425,1.166613773,0.7902364,-1.187196151,0.736468997,-0.327991907,-0.555549247,-0.454532753,1,0
-0.190661402,2.404946261,-1.799880754,-0.396516458,0.199217658,0.257805624,-0.341961662,-0.06972773,1.181367471,32.77,0
0.82588911,0.168007968,-0.077211689,2.966451847,4.099506482,-0.146900852,-1.111250968,-0.023183356,0.395386727,5.99,0
0.866213738,-0.300620201,-1.117345479,2.542241938,3.270646265,0.117003384,0.934685761,-0.503871254,-0.445162242,0.89,0
-0.420333822,0.014599158,-0.270792868,-0.471074009,-0.384610465,-0.083890427,-0.077569983,-1.537507819,0.846368149,63.9,0
0.568852442,1.244235999,-0.597472514,1.084896977,-0.376975841,0.568214821,-0.009271501,-0.246538353,-0.20077019,6.45,0
-0.516292307,1.291785339,0.364676364,-1.278463379,-0.196378321,-0.610174765,0.111794036,1.075349928,-0.537594445,61.18,0
-0.141019355,0.563458522,0.766382585,0.151071026,1.596936995,-0.742474537,0.458518379,0.66947612,-0.089758643,9.99,0
-0.521387699,1.341180514,-0.255797283,-1.120915926,0.918260347,0.174348117,0.358936082,1.208379613,-1.115110433,196.7,0
-1.027152549,2.261372999,-0.504356014,0.693421365,1.237761226,0.056065337,0.09191899,-0.676680063,0.329999625,79,0
-0.247375224,0.754082235,1.185491707,-0.486174312,0.241012929,-0.197775505,0.136015068,-0.13892014,0.069816154,137.3,0
0.104717344,1.309641702,-0.867536533,0.450685256,-1.437502176,0.650603583,0.028359911,-0.58867849,-0.556394135,39.94,0
0.87760183,-0.73468591,-0.9134037,1.941770351,4.037422713,-1.707118367,-2.537640843,-0.590337624,-0.763038648,1.98,0
0.059488688,0.310672612,0.828817335,0.341209078,1.112592947,-0.292777954,0.287394091,0.268307131,-0.087575427,12.99,0
1.059588047,0.496912353,1.006069237,-0.672949231,-0.490299273,1.102432859,-0.084853847,-0.599232628,-0.072664363,153.91,0
-0.527766419,2.460153272,-2.807481891,-0.457111342,-1.365708945,0.516031464,-0.132600601,1.654158677,-1.861968658,101,0
0.599809965,0.216683002,-0.513092693,2.697142555,3.882795304,0.29554467,0.850059083,-0.297189192,0.191989943,10.27,0
5.26737615,-1.761894935,-1.441250063,-0.988528968,-0.672186732,0.075759669,0.774198153,3.580112198,6.510779226,8.97,0
0.563251743,1.207243263,0.912388004,1.053790705,0.574722633,0.215632907,0.253663165,-0.434722396,-0.048010517,1.19,0
0.091870473,-0.268384945,0.748905031,0.44902668,0.45360359,-0.013059548,0.09852564,-0.068926421,0.222077562,45,0
0.374980871,0.923823033,-0.954005872,0.753635444,0.139494795,1.450747739,-0.551715607,-0.12615854,0.068444879,95.56,0
0.698849366,1.588982428,1.297156594,0.119330666,0.214132796,0.387461417,0.276523894,-0.483147502,-0.091351558,13.99,0
0.338070714,-0.042758725,0.502133796,0.072282583,-0.583457916,0.123778874,-0.18746752,0.00188298,-0.303396211,12.99,0
-1.812896806,-0.311086762,0.412929594,-0.794605397,0.196364792,0.416625915,-0.062991181,0.345392201,-0.363639666,526.96,0
-0.28268211,1.653354215,-1.014864635,-0.680433316,0.886363857,-0.538200542,0.377969653,-1.230879191,0.522507866,70,0
0.959102737,0.285739874,0.604067511,3.228819561,3.799503053,0.715285472,0.429148331,-1.155492491,0.873230617,4.38,0
-0.143548188,1.374291017,1.28739919,-1.10064226,-0.017109546,-0.705609123,0.266580257,0.73536823,-0.011940569,12.99,0
-1.369602127,2.261281491,2.01103383,1.878525227,-1.275607365,-1.251028565,0.212619224,0.142608349,0.000981629,24,0
1.106354995,0.787765451,0.510525488,0.832968319,0.151659326,0.588154973,0.312914373,-0.772828747,-0.868831246,1,0
0.485509651,1.569232319,0.160929385,0.862461841,0.523043101,0.765996933,0.092998318,-0.037045458,-0.184662859,17.56,0
-0.034451788,0.696627869,0.956745644,-0.005826667,1.095223183,-0.574523945,0.243435118,0.788418629,-0.283254226,12.99,0
0.785903889,2.806517307,2.935465904,-0.356682167,1.127563256,-0.225129742,0.514860854,-0.757540591,0.523215622,18.96,0
0.053694134,-0.18032073,0.680940922,0.521583985,0.893232536,-0.201393423,0.333033499,0.100312094,0.194016376,22.58,0
-0.199545805,1.976352578,-0.003494934,-1.170365599,0.883500932,-0.151879286,0.160105718,0.137973356,-0.060121656,99.82,0
0.318500556,1.727122639,-0.549578484,0.737291973,-0.050963245,0.555481889,-0.041756012,0.219520198,-0.262389264,25.36,0
0.975517479,1.603364515,-0.282474919,0.480561447,-0.222646815,0.850193971,-0.265018145,-0.283460179,-0.160346479,7.81,0
0.045122322,0.475774395,1.344244178,-0.302640743,0.00440761,-0.096403605,0.182898066,0.193464332,0.073512815,18.61,0
0.981192772,1.234397173,0.099497167,-0.051269792,-0.92744122,0.862786135,-0.097128282,-0.442318207,-0.556097695,49.99,0
-0.13945451,0.483881152,0.642056748,-0.186845482,0.538283349,-0.302749466,0.315920498,0.277327557,-0.102328981,17.24,0
-0.551088522,-0.52315164,-0.831153456,-0.195412843,-0.289192879,-0.279251534,-0.205606497,-0.647805959,0.576602127,34,0
0.876837021,2.495715337,3.138674285,0.161264311,-0.10709857,0.515853835,-0.138225659,-1.035070346,0.85190938,35.11,0
1.382171684,1.019789918,0.250367121,1.011414474,-1.281807189,1.186866057,-0.312608099,-0.70150296,-1.067341277,1,0
-0.313307918,0.3953088,0.59675572,-0.420411587,0.325861882,-0.404104828,0.283070666,0.630034936,-0.066353483,29.95,0
0.333011981,0.184148099,1.276948238,-0.078118435,-0.810948603,0.45932983,-0.170552492,-0.290556782,-0.000205465,45.3,0
0.814760402,1.513242393,1.292782097,0.138053047,0.223342242,1.08808368,-0.150282357,-0.216385801,0.036197394,79.18,0
0.743351362,1.173581813,-0.222593449,0.740528101,1.739958789,0.313012828,0.699418767,0.354715619,-0.333261451,26.98,0
0.819283967,1.05430883,0.348488289,-0.156816751,-0.509168874,0.050382122,-0.908179117,-0.406902611,-0.610898197,1.98,0
0.479088625,0.549750379,-1.069814294,-0.501686511,0.214778428,-0.139682615,0.558440155,-1.914256571,0.395763967,42.81,0
-0.044443226,1.029253315,-2.49807231,-1.350084557,-0.798774292,-0.581071299,0.480997364,-2.517036631,0.961802327,25,0
1.096292458,0.669688007,1.052534435,0.422465153,0.703450418,0.039273456,0.672068339,-0.457398804,0.09554305,0.99,0
1.028363751,1.455501718,-0.230274702,0.198899418,-0.358325092,0.659132798,0.059987619,-0.74186332,-0.167485718,7.14,0
-0.020171924,-1.16438654,0.26625144,2.184886405,3.607421198,-0.436996595,0.848744528,0.172270917,-0.01901315,9.99,0
0.479627277,1.528537859,-0.098185059,-0.005520022,-0.773256008,0.667999939,-0.030045959,0.058419558,-0.806745354,32.51,0
1.62659146,0.960247699,0.091998678,-0.237962949,-0.550796475,0.108648546,-0.378489746,-0.69448027,-0.745466071,8.99,0
-0.318288402,0.502463956,0.033904054,-0.584284752,0.024591688,-0.413737553,0.186412001,0.605944768,-0.221309819,10,0
0.626404913,2.526916953,2.827972706,0.619263138,0.897473007,0.536277598,-0.060163157,-0.813748587,1.426859133,10.62,0
2.022960549,1.628461705,-0.540476996,-0.512595924,0.238407467,0.171943838,0.179582825,2.125254788,2.084364543,4.81,0
1.019507723,1.517236217,0.579467599,0.539186512,-0.211664897,1.346509055,-0.989693615,0.904158728,1.629664708,12.2,0
0.241407903,0.024536924,0.885832028,-0.121471371,-0.275551751,-0.142414303,0.031282555,0.253328447,-0.624588345,12.31,0
0.941953268,1.359288453,0.013490103,-0.191939978,-0.824440909,0.474948313,0.175556956,-0.362986724,-0.283273788,2.69,0
-0.071366221,2.80776898,1.0256754,-0.100748063,0.508680181,0.620313326,-0.213137331,0.333039388,-0.074899139,100.37,0
2.140915813,1.152883756,2.4588339,0.576572373,0.845960887,0.015986895,-2.764261569,-1.114618237,1.43836983,1.5,0
0.07502777,-1.292832404,-0.483154333,2.139256911,3.181563924,-0.505045118,0.804860255,-0.074070833,-0.217425556,1.98,0
1.239963348,0.545157122,1.005353982,-0.025695582,-0.910672796,0.422441828,0.049283424,-0.564600769,0.143901655,2.98,0
0.554019231,2.014829479,-0.561032758,0.683347066,0.002232257,0.804393713,-0.154562903,0.339899948,-0.964056302,18.94,0
0.900896218,1.502850277,0.812492451,0.193952498,-0.031488309,0.490795205,0.120990624,-0.907335774,-0.10626925,10,0
1.125172284,0.9342131,1.155815325,-0.028517725,0.489476031,0.067377115,0.775357006,-0.507976501,-0.124046576,13.28,0
1.109391198,1.39622252,0.038717734,0.520267384,-0.259157171,0.806328794,-0.016192346,0.425313885,0.60752157,5.96,0
0.143344829,-0.131755553,0.902486189,0.21954724,-0.028155258,0.099294716,0.002019829,0.166709162,-0.014765734,31.8,0
-0.249927203,0.189825005,0.19110892,-0.615778945,-1.074104296,0.213633076,-0.322513461,0.046084009,-0.192352281,120,0
-0.146691284,0.829323343,-1.776739438,-0.080048341,-0.74750872,0.404431479,-0.103808612,-0.753138701,0.663142803,24,0
-1.545369136,1.9193912,1.062513568,-0.627806202,1.154561001,-0.861500739,1.08948639,-1.34126756,0.200625622,231.71,0
0.714822534,2.507512766,0.865082434,-0.290489181,1.077327555,0.032507083,0.510945608,0.717788301,-0.256417813,13.53,0
0.523168691,1.948966931,0.995503206,0.379068803,-0.577466231,0.521413,-0.128940115,-0.704961977,0.186558625,18.45,0
0.88752482,1.57921402,-0.113727896,0.304991227,-0.182828895,0.503722003,0.241375357,-0.722595859,-0.627363824,1.98,0
0.178069339,0.533439524,1.478955262,-0.342933189,-0.379986284,0.063252924,-0.022391243,0.312977804,-0.118844723,13.79,0
0.206074136,1.625992033,1.108391572,0.8758379,-1.215716315,0.271172621,-0.089238369,-0.755539161,-0.26172915,20.17,0
-0.014392712,1.408552105,1.266545955,-0.944750549,0.029577856,-0.598514656,0.175290621,0.48523098,-0.059239308,9.99,0
-1.932133383,1.249202816,-4.43421128,1.244282139,0.402687982,-0.649554378,0.534755946,0.886183163,-1.275649361,55.45,0
1.104008326,1.300678453,0.070314296,0.075179663,-1.010396387,0.683396194,-0.073377912,-0.40186579,-0.508232822,0.99,0
-0.928378048,0.353459043,-1.377866551,-1.233133318,-0.600292234,-0.817625523,-0.185506986,-2.053664591,1.362869941,26.5,0
-0.661664688,0.8976009,0.144402801,-1.105205361,0.020245082,-0.707266806,0.195918328,0.743371435,-0.118938661,99,0
-0.335339468,1.680467942,1.192098388,-1.270530762,0.313498288,-0.871024862,0.235401729,1.315260839,-0.478206972,5.46,0
0.299160898,0.527681133,0.614898903,-0.420591873,-0.977533147,0.108485268,-0.244502212,-0.058316412,-0.085827832,1.98,0
0.128210203,0.407255475,1.160950092,-0.504531514,-0.904842966,0.111993062,-0.151667475,0.180408481,0.001026601,49.99,0
-0.044368922,1.093145532,-1.576473121,-0.107491773,-0.791217448,0.291465483,-0.093163912,-1.406365813,0.061024567,24.84,0
0.508697738,1.428463595,1.26164025,0.61708316,-0.226754819,0.407580629,0.078410777,-0.331848785,-0.328413638,13.08,0
0.906952627,1.64542282,-0.083531102,-0.195560099,-0.710165001,0.559118538,0.116340251,-0.538190204,-0.122023317,9.03,0
1.051207329,-0.281222562,0.853748808,1.065965738,1.21919719,-1.225596906,-2.262214274,-0.584441019,-1.418769413,1,0
2.470984542,2.64941697,-1.564255709,1.794297039,-0.614741707,4.185906257,-3.855359015,5.436633396,8.737457806,10.35,0
-0.69439938,0.98668348,-0.626997062,-1.561740795,-0.612823745,-0.94903729,0.068871636,-0.744015779,0.825568192,14.9,0
-0.229085198,0.00305057,1.44400883,0.20064487,0.636756289,0.012166458,0.128519086,-0.361985519,0.445710347,154.4,0
-0.658003087,1.028642552,0.333157076,-1.234309922,-0.322445469,-0.445253089,-0.021940902,1.067243685,-0.529322851,122.36,0
2.114930867,-3.597858245,0.159330037,3.543995415,2.366976359,0.727397877,0.335814437,0.772950206,0.834859178,2.28,0
0.285853394,0.562438674,1.459336137,-0.225890773,-0.346302633,0.131987577,-0.085178877,0.136365128,-0.149999068,6.54,0
-1.17433822,0.713431142,-2.177940779,-1.511233594,0.059314279,-1.308064064,0.298795701,0.788813964,-0.200098696,2.6,0
0.826789327,2.207683,0.470566496,-0.534082396,-0.702738988,0.286891202,-0.039518014,-0.39830363,-0.366167288,6.47,0
0.033723808,1.874195372,-1.469101628,-3.125908514,1.677055509,-4.925568043,-7.494657608,-1.278469578,-1.118778465,52.95,0
0.245161003,0.631947468,0.642940902,-0.413132655,-0.699728161,0.01953274,-0.112500121,-0.047057144,-0.12271147,0.89,0
1.086090799,1.260978185,-0.386674926,0.023899339,-1.138914427,0.752137851,-0.027373579,-0.032901508,-0.559839866,5.99,0
-1.102251502,0.608958681,0.826674507,-1.246213975,0.072491603,-0.509152772,0.087330036,-0.46495374,0.643826213,208.38,0
-0.132953465,0.58846703,0.804871452,-0.726265944,-0.521874882,-0.167009965,0.059297676,0.36809289,-0.001930149,32.51,0
0.273688003,2.612040285,1.213495051,-0.225014754,-0.594575429,-0.250743985,0.162628107,0.038632593,-0.401649703,6.51,0
0.710626489,1.224875937,1.139405337,-0.376350606,-0.25398554,-0.034557028,-0.812548331,-0.260261137,-0.128467595,18,0
0.490033022,0.564065152,-1.228363846,2.860178365,3.363731139,0.263669446,0.703249305,-0.648517819,-0.338281228,1.98,0
0.055464405,1.85757124,-1.085420971,-0.981918254,-0.473025259,0.210564834,0.022670381,-1.641689106,0.28699414,70.33,0
0.430750476,1.249784913,0.429756534,1.272075585,0.548202767,-0.120591638,0.452571018,-0.414005495,-0.310135569,2.69,0
0.204627008,2.186984767,-0.04558938,0.472689256,-0.187450055,0.435892422,0.010475129,-0.182090531,-0.369532838,19.29,0
1.104352159,1.290216783,0.070320596,0.043432025,-0.98520407,0.727143755,-0.081309808,-0.416811446,-0.518897924,8.99,0
-0.266909198,0.409706011,1.509808074,-0.487798048,0.376829476,-0.389288343,0.33136114,0.702727615,-0.574106367,109.15,0
0.725417515,1.971748889,0.831342715,0.369681435,-0.107776263,0.751609904,-0.12016626,-0.420674968,-0.059943219,0,0
1.550355631,-1.950407891,2.041472847,2.258425812,4.692012457,-2.303907216,-4.492133436,-2.013112905,0.108543877,27,0
1.04118389,1.063793175,-0.407920575,0.077615125,-0.810862242,0.620734095,-1.048588849,-0.416712414,-0.5752461,2,0
-0.169043615,1.301836628,0.370524637,0.950911341,-0.413911033,-0.149037728,0.127021466,0.463115617,-0.595657985,11.64,0
0.318724757,0.730590898,2.583975169,-0.206464838,-0.2131797,0.220328528,-0.062070303,-0.868018102,0.581173638,94.5,0
0.766553613,1.759393427,-1.160073914,-0.501039671,-1.404512588,0.679279031,-0.242593704,0.520867783,-0.117279871,2.31,0
0.081893438,0.503624885,1.487212281,-0.473169878,-0.411384333,-0.053193258,0.071035856,0.553486017,-0.069685581,7.89,0
0.657317958,1.191544384,1.326497095,0.97674498,-0.832970032,0.238932868,0.163401503,-0.584980704,-0.789639334,1,0
1.339506258,1.209389008,0.005939377,-0.33180772,-0.919242688,0.434379874,0.308839764,-0.698558284,-0.56818641,11.99,0
1.263647809,-0.109848779,-0.783619311,-1.472694028,-0.212799326,1.732682501,-0.882945356,-0.331912327,-0.832908392,302.1,0
0.654499424,2.217257326,0.104341351,-0.286800771,0.11783251,0.287551851,-0.736461331,0.699092214,-0.625572559,30.3,0
1.52773726,0.818889181,0.056990215,-0.319929644,-1.054736468,0.358789745,0.35407267,-0.392589551,-0.43267709,8.99,0
-0.295088479,-0.109923644,0.071539651,-0.318253285,-0.912975895,0.431930061,-0.302890543,-0.044433218,-0.229745064,160,0
0.073253539,-0.113786119,-2.315188965,1.644381842,4.389522162,3.174202838,-1.032389855,0.673033403,0.892547877,380.95,0
-1.222490635,-0.319124614,-1.723384586,-0.416167765,0.6350647,-0.41785227,0.060453044,0.083645534,-0.249495435,156.98,0
0.28583165,-0.147276025,1.047741726,0.67211544,0.656656256,0.138314673,-0.010785448,0.158270869,-0.166168994,6.54,0
-0.326079244,2.282092285,-0.381814268,1.06129006,2.666354871,0.311426142,0.364125231,1.08038229,0.652494125,74.47,0
0.581772529,2.378179546,0.063395956,0.329118684,-0.449864545,1.269103905,-0.758362745,0.381712456,0.11701431,30.5,0
-5.449369057,2.988497619,2.65899079,1.948152125,-0.854470187,-0.326394126,-1.017364163,1.98390085,1.055234964,85,0
0.505825333,0.880669884,0.972986394,0.823366603,0.287737596,0.725038782,0.021040465,-0.268138121,-0.367036477,67.36,0
-1.318939841,0.166357131,-1.57482235,-1.279267343,-0.182794489,-0.985599131,-0.012854951,-1.980931633,1.558276208,101,0
1.015111416,1.302009963,-0.04220803,0.055805737,-0.683092651,0.561144191,0.106407737,-0.570879921,-0.325787048,4.45,0
-0.1267791,0.280285135,0.57941553,-0.374124541,-0.215216606,-0.193078227,0.011075667,0.770448146,-0.197201332,23.88,0
-0.170142078,0.89877308,1.572445488,-0.727420685,0.226641226,-0.522651385,0.285406758,1.173965438,-0.194914859,5,0
1.246235959,0.464854601,-0.178196025,0.24949884,-0.725057559,1.197759773,-0.358584593,-0.153111965,0.383806838,73,0
0.446439708,1.714153951,-0.146626011,-0.244287322,-0.963058465,0.566536538,-0.044997849,0.274475087,-0.686536087,33.33,0
0.284168629,0.427984728,1.382026597,-0.057586332,-0.15716991,0.132988717,-0.070708819,0.141838112,-0.152931766,6.86,0
0.111366524,0.358993728,0.210843613,-0.560816078,-1.408542432,0.35458449,-0.353311276,-0.118270105,-0.226567181,54.75,0
0.36762617,2.769716764,-0.356561538,-0.268456048,0.323422698,-0.108717803,0.452755262,0.166990199,-0.752053288,6.2,0
0.004148378,0.772421614,0.916543294,-0.568699307,-0.281603075,-0.161752496,-0.025480348,0.47930739,-0.290947239,12.31,0
0.077792309,0.533943622,0.84384943,-0.536021561,-0.702280581,0.006655632,-0.153410746,0.421584058,-0.204985941,13.99,0
-0.715870868,-0.005992864,-0.528407613,-0.880105464,-0.676409912,-0.461655958,-0.043281841,-0.439032422,0.589483701,36,0
1.239504445,0.417049708,0.530003503,0.942324174,-0.559967831,1.50298129,-0.751562588,0.012712703,1.619207849,1.91,0
-0.170037328,0.790655939,1.128604515,-0.585960036,0.070807492,-0.414937486,0.057948562,0.503324119,-0.036917094,90,0
1.732933867,0.857586934,0.178949727,-0.794223168,-0.088469341,-1.266790132,-4.922223906,0.010308618,-0.003059464,9.99,0
1.218375674,-2.148614709,1.155957476,1.813892409,-0.238358021,0.623888256,-0.060265315,-0.739258246,-1.448114022,2.95,0
-0.168277306,0.776978967,1.072033019,-0.337392115,0.557438102,-0.445769856,0.157226237,0.394760056,-0.101373717,90,0
0.066437056,0.05921258,0.285469339,0.635753535,1.473073657,-0.37699315,0.579044737,-0.182239905,-0.297006898,1.98,0
-0.949842463,-0.112591828,2.572535967,0.149828998,1.54454198,0.213718459,0.278461147,-0.374166691,0.478005585,379.63,0
-3.014776275,2.271635938,-1.218203746,1.546541375,-1.682063566,-1.524913271,0.088425222,-0.761265909,0.621252886,52.9,0
-0.032253822,1.011697001,1.353641323,-0.876061895,-0.320566874,-0.443363657,0.053143062,0.868260239,-0.154677516,9.97,0
-0.379364955,0.699437059,0.174333313,-0.918020872,-0.41844461,-0.394105947,0.061586476,0.436487428,-0.084439474,60,0
0.602892211,-0.257987469,1.319580503,-0.050804597,-1.216527812,0.235433914,-0.192577121,0.056127318,-0.539113725,1,0
-0.089444068,0.421362451,0.620874595,0.330241872,1.351988288,-0.28790071,0.41209358,0.313047407,-0.414255784,14.6,0
-0.687029326,2.09340721,0.601217072,0.782302931,-1.167113295,-0.675395476,0.232562755,0.500531075,-0.565374195,7.8,0
0.512380148,0.83725915,0.40846827,2.078535244,4.692661723,-0.294088412,0.898044188,0.919346555,0.321821402,22.09,0
-0.020542102,1.415026053,1.233902198,-0.240077156,0.48224046,1.315729577,-0.010902959,-0.360987151,-0.13149133,222.5,0
-0.270145648,1.235910645,0.702070766,-0.856229171,0.485168554,-0.804133733,0.359129905,0.673893646,-0.115228174,11.5,0
-0.14751846,1.248518326,0.862034219,-1.07672806,-0.299690186,-0.614840318,0.064575126,0.907341201,-0.244553773,8.58,0
-0.12418376,1.979308881,0.50341534,-0.732324065,0.394882604,0.280295996,0.118478131,-1.445665939,0.267392186,140.6,0
-2.00048295,0.555154798,0.600645902,-1.551023646,0.242332933,-0.133182961,0.105984107,1.248545518,-0.701849424,493.44,0
0.475771323,1.672621633,1.178044407,0.730281776,-0.403391397,0.308013825,0.254682319,-1.045605931,0.155400733,33.26,0
1.103911837,1.288489227,1.243611848,-0.068031605,0.214040128,0.32400012,0.436037213,-0.437408891,0.17931799,15.08,0
0.756121842,0.719941776,0.988401807,-0.237289725,-0.378861992,0.413667984,0.436786746,-0.448178491,-0.346581608,68,0
0.50274359,1.05714829,0.741630351,0.537623772,-0.003376522,0.458033548,0.219620663,0.171713985,-0.420935346,11.46,0
0.44491767,2.25900536,0.336945912,-0.492325915,-0.649977397,0.542460114,-0.201798135,0.491987439,0.013239093,69.99,0
-0.729477254,0.56233913,-0.901506242,-0.831961312,0.299019919,-1.086900696,0.111688087,-0.391829835,0.551108893,19.99,0
0.532042624,1.498352119,-1.451159064,0.245405306,-0.648925483,0.849374844,-0.159858943,-0.194441752,-0.48410267,7.69,0
-0.246291572,-0.386057979,-0.780637851,-0.340415627,-1.110700989,-0.004047789,-0.410925507,-1.203188925,0.672477712,10,0
0.108213477,0.591724235,0.566078555,-0.641573116,-0.816974062,-0.127402593,0.004375489,-0.026147821,0.142130857,1.79,0
0.008979796,1.094491312,1.22103424,-0.676504311,0.095472645,-0.517634029,0.078168793,0.811484381,-0.22339086,9.99,0
0.037698974,0.169035054,0.991432284,-0.354436924,-0.143978323,-0.293180638,0.2208999,0.450282007,-0.631072896,29.56,0
0.341397056,1.740026865,-1.661594963,0.872313095,-0.007310804,0.923083313,-0.575938518,0.447696788,0.264464751,0.77,0
0.695702822,2.071837569,0.928201004,-0.032107928,0.648932279,0.150909122,0.440485982,-0.564488519,0.057701571,52,0
0.656825678,1.094224632,0.054664782,0.746404694,-0.973848245,0.38670995,-0.00987573,-0.351713523,-0.472723762,0.89,0
-0.383685926,0.256251855,-0.703150205,-0.763573514,-0.732256561,-0.3506583,-0.285737734,-1.032102944,0.629431439,17.24,0
0.269139448,0.163258074,0.9430877,-0.003225383,-0.42182179,0.213395377,-0.125541511,-0.396782854,0.142439937,36.71,0
-4.459784208,1.381813308,1.117079984,6.044486324,-3.498447175,-2.740892495,0.372155022,-0.214338183,-0.242299844,2.5,0
0.953378783,1.851726441,1.623108112,-0.603151408,0.20491628,0.438894025,-0.313316649,0.359460761,0.585054531,55.76,0
-0.006914877,0.361346959,0.778856504,-0.404622169,-0.503633402,0.008942349,-0.123995911,0.478881824,-0.206166184,32.38,0
0.330421329,0.518020385,0.823178968,-0.680718692,-1.391443264,0.058431285,-0.205429665,0.082093921,-0.26636034,0.89,0
0.127678126,1.389852714,2.532558713,-0.63687135,0.651109021,-0.685289011,0.356924417,-0.052520148,0.672385539,11.34,0
0.781747655,2.881723998,-1.627798168,-1.368067062,1.656876386,-1.185052951,-5.393736022,1.719406875,2.372954645,75,0
-1.509042154,1.257991649,-0.11473318,0.749404217,-0.819917361,0.119897211,0.21560844,0.015854017,-0.651373717,216,0
1.395774614,1.78082843,-0.187324664,0.953850176,-0.511395225,1.41947975,-0.942651672,0.412282923,0.221456982,1.03,0
1.011835459,-3.191859754,0.471478145,3.350240606,2.432783257,0.189552556,0.62173443,-0.556701825,-1.48736112,4.8,0
0.562106129,2.817524081,-0.718733544,0.223222217,0.796156342,0.464886794,-0.002081123,0.387537064,-0.195040531,7.72,0
0.93006514,-0.857525172,2.042940116,-1.505946391,-1.000184562,-1.991363333,0.460576747,-1.124101167,-1.974616962,2,0
-1.464842334,0.703284108,-1.46252024,-1.462982153,0.495418813,-1.368709004,0.236518932,-1.938471272,1.454746311,98,0
-0.608139036,0.373101019,0.2337516,-0.721246759,0.396264693,-0.841541043,0.21631992,-0.734176367,1.037110828,47,0
0.194929191,0.617510331,0.649717015,-0.474718197,-0.716084055,-0.027077627,-0.073384794,0.057251053,-0.10252248,0.99,0
-0.233373932,1.025262884,-2.129325019,1.566375217,3.863063565,-0.732264663,0.807716477,-1.230053091,0.484128784,22,0
0.11057523,0.449479939,1.041424036,-0.213918613,-0.230678545,0.102705847,0.038497306,-0.319166006,0.076002919,62.63,0
-0.415807939,0.088184616,1.348065537,-0.066414547,0.414044763,0.246646687,0.072639265,-0.051965139,-0.059674374,197.63,0
0.423991945,0.579929072,2.476753568,-0.124375473,-0.363935716,0.297698306,-0.104341837,-1.23123939,0.812425561,75.83,0
-4.088419872,2.024844612,-0.740362738,1.128134567,-1.231701699,-0.086553558,0.15780736,1.67762074,-1.946859901,456.71,0
-1.092820233,0.360102102,-1.770939923,-0.913848623,0.678723288,-1.380227523,0.147689518,-1.970260823,1.519368674,6,0
0.671758012,1.924615958,0.273754663,1.041108482,0.136930115,0.361483192,0.143336968,-0.682134253,-0.650820411,5,0
0.284980217,0.007731383,1.657073001,0.052020241,0.446388674,-0.407036166,0.355703888,0.62603923,-0.929087138,10.99,0
1.39962086,-0.587061395,2.175001665,-2.137636923,-0.501576168,-1.215215056,0.956861641,-1.8665612,-2.311023884,204.03,0
0.539788565,1.02466151,-0.371898823,1.037335613,1.261849196,0.473408901,0.227169255,0.248279161,-0.086236058,3.99,0
0.008466986,0.95378232,1.141093019,-0.491215003,0.297302604,-0.503912858,0.084948223,0.796497028,-0.231653214,12.99,0
1.210704416,0.713730882,1.146380787,0.196790068,0.468059751,0.204977374,0.627388835,-0.296261347,-0.309000902,13.99,0
0.720386219,1.60341259,0.608371108,0.460940565,-1.423405785,0.266078667,-0.141047827,-0.516792826,-0.201346544,2.67,0
0.084163545,0.269572728,1.210034371,0.005127919,0.318050368,-0.082663816,0.191048748,0.157572985,0.062804191,12.87,0
-3.002119874,0.824301406,0.231721086,-2.621415263,0.128843083,-0.755233269,0.09595558,0.638218706,0.096462297,611.76,0
1.197103322,1.293719051,-1.176453493,-0.859954614,-1.476075434,0.30825432,0.196454172,0.542924754,-0.032406197,2.31,0
0.790436271,2.242424323,2.40646163,0.359711755,0.27941029,0.103677152,0.399071184,-1.518732762,0.601268282,11.38,0
-0.173985536,0.730692302,0.711558021,-0.854208641,-0.494951356,-0.296619621,0.110536086,0.49026905,-0.019984411,23.88,0
0.471698112,0.868060279,-1.239124163,0.54789788,-0.502661073,0.808516316,-0.247667131,0.130741129,-0.484993915,2.61,0
0.126685611,0.498971955,1.333699555,-0.199128816,0.032644469,-0.015573605,0.116090545,0.015999054,0.038632614,19.64,0
1.105870921,2.870894277,3.015097159,-0.813713656,0.992462333,-0.337465378,0.454982765,-0.205521576,1.216254946,20.48,0
0.155450972,-0.312290951,0.961407336,0.548611312,0.12181627,0.525318015,-0.053891261,-0.686867335,0.113058508,105.87,0
-1.169090734,-1.350476708,-2.504579946,1.106389336,3.135281691,-1.351528738,0.690932116,-2.090697434,1.523080007,15,0
1.547423106,1.799759488,2.489059652,0.450496981,1.073761981,0.309374239,0.450853944,-1.560106923,1.231356129,0.75,0
0.398625212,0.860420675,2.388862104,-0.36584296,-0.192568394,-0.121769312,0.15087551,-0.733270908,0.860899788,17.43,0
0.554293424,1.374234118,-0.447451226,0.288247577,-1.082535591,0.969034687,-0.347445945,-0.109677746,-0.258586842,41.64,0
0.256345955,0.513253571,0.619053787,-0.472481832,-0.98934209,0.065431086,-0.20878137,0.035924427,-0.067307393,1.29,0
0.296881363,0.068724825,0.572690233,-0.165698375,-0.781113472,0.030953447,-0.133051028,0.165736866,-0.262785407,0.89,0
0.291548412,1.575227626,-1.219400412,-0.30225748,0.670790163,0.333059413,0.15387472,1.198541231,-1.473882056,79,0
0.910514553,1.915180045,2.469383599,-0.008375082,0.597584124,0.251531229,-0.331730264,-0.095639332,1.34874967,37.92,0
0.541707557,1.331297243,0.559447257,0.18404479,0.612792453,0.632758584,0.152252962,-0.202196268,-0.5106985,74.22,0
0.949446219,-0.429811066,-2.640093521,2.601386808,3.056965536,0.473494762,0.280729186,0.853043393,1.023892724,0.68,0
-0.38650999,1.623072133,1.63640561,1.10250551,-0.683316717,-0.303337041,0.285652538,-0.056084605,-0.173921107,9.99,0
-0.639478786,0.941567786,0.121306846,-0.996319806,0.177803376,-0.589656168,0.153583205,0.835978621,-0.347747201,97.47,0
0.255027772,0.277716369,0.706677006,-0.495830729,-1.106735496,-0.008493086,-0.124504206,0.243687321,-0.241481177,1.29,0
0.103367918,0.371710701,0.440033174,-0.370396356,-0.509393233,-0.129165339,0.030557658,-0.010577651,0.138778037,1.98,0
1.183087565,1.598967048,0.353088354,0.30971002,-0.312399992,0.707197413,-0.04320649,-0.892868987,-0.684800184,1.98,0
0.747735016,-0.214136192,1.301475363,0.124739709,-1.172183417,0.37105861,-0.306401437,-0.246672199,-0.597783921,1,0
-0.760595478,1.091610595,0.147114857,-0.729795657,1.430147882,-1.070469565,0.727964986,1.43273387,-0.602645979,32.63,0
0.297650062,0.287526409,0.699902086,-0.438405256,-1.088542438,0.034421481,-0.159595857,0.14998966,-0.260027513,1.98,0
-0.81529671,0.836498305,-0.617140247,-1.304123735,-0.025273809,-1.147177389,0.162996088,-0.258341353,0.660341204,4.79,0
0.018358286,0.430439507,0.537502628,-0.430753531,-0.394698516,-0.151398394,0.135031481,-0.00495869,0.113950212,10.29,0
0.322250156,1.784507273,-0.307396214,1.009085722,-0.998490957,0.328481711,0.131284253,-0.485255252,-1.028342663,1.79,0
0.777697548,1.841251908,3.056891684,0.303627257,0.615334509,0.531503581,-0.081955234,-0.522526744,1.149724997,29.18,0
0.116242673,0.545204566,0.838269474,-0.491895847,-0.691202118,0.037916098,-0.180524135,0.34868964,-0.218638497,12.89,0
0.994795146,1.357057613,-0.05028819,0.108030045,-0.314620766,0.500910069,0.234651397,-0.57701198,-0.370060229,4.45,0
-0.031001188,1.514664684,2.587276188,-0.22269261,1.987772117,-0.922106337,0.782939571,0.181509785,0.31834469,11.39,0
0.027049088,0.513875182,0.860965349,-0.519451577,-0.681147437,0.074991944,-0.18777607,0.345398695,-0.231651941,40.83,0
0.720560639,0.24783576,-0.687521024,-0.627671057,-1.12970975,0.426560471,0.055194973,-2.063462067,-0.278732165,85.25,0
-1.829046182,1.181222142,3.897845796,-1.686468705,1.976370755,-0.56410723,-2.40046491,-0.979201821,-0.284723547,881.13,0
0.881817464,1.452841879,-1.293698332,-0.025104981,-1.170102626,0.861610195,-0.193933516,0.592000947,0.241978858,0,0
0.165064337,0.507315636,0.456052013,-0.193599919,-0.180777006,-0.070487454,0.046688089,-0.302918165,0.038972802,9.99,0
0.379523306,1.892524674,0.315885535,-0.194783001,-0.248983834,0.422565158,-0.028321131,-0.247660502,-0.488735428,45.38,0
1.622223224,0.036381362,0.526253582,0.343559945,-0.814125699,1.286352976,-0.513283985,0.65009122,2.374533401,17.99,0
1.286814452,1.575213799,-0.289993429,0.601959368,-0.399922809,1.466421768,-0.792099332,0.74727344,1.206007059,16,0
